Price,GBPUSD,DXY,Gold_Price,SP500
Ticker,GBPUSD=X,DX-Y.NYB,GC=F,^GSPC
Date,,,,
2021-01-01,1.3673007488250732,89.87999725341797,1944.699951171875,3700.64990234375
2021-01-04,1.3684196472167969,89.87999725341797,1944.699951171875,3700.64990234375
2021-01-05,1.3571596145629883,89.44000244140625,1952.699951171875,3726.860107421875
2021-01-06,1.3629549741744995,89.52999877929688,1906.9000244140625,3748.139892578125
2021-01-07,1.3625277280807495,89.83000183105469,1912.300048828125,3803.7900390625
2021-01-08,1.3569625616073608,90.0999984741211,1834.0999755859375,3824.679931640625
2021-01-11,1.3516253232955933,90.54000091552734,1849.5999755859375,3799.610107421875
2021-01-12,1.3524113893508911,90.05000305175781,1842.9000244140625,3801.18994140625
2021-01-13,1.3670539855957031,90.31999969482422,1853.5999755859375,3809.840087890625
2021-01-14,1.364926815032959,90.23999786376953,1850.300048828125,3795.5400390625
2021-01-15,1.3683634996414185,90.77999877929688,1829.300048828125,3768.25
2021-01-18,1.357533574104309,90.77999877929688,1829.300048828125,3768.25
2021-01-19,1.3581236600875854,90.5,1839.5,3798.909912109375
2021-01-20,1.3644241094589233,90.47000122070312,1865.9000244140625,3851.85009765625
2021-01-21,1.3668484687805176,90.12999725341797,1865.300048828125,3853.070068359375
2021-01-22,1.3729474544525146,90.23999786376953,1855.699951171875,3841.469970703125
2021-01-25,1.3688204288482666,90.38999938964844,1854.9000244140625,3855.360107421875
2021-01-26,1.3678992986679077,90.16999816894531,1850.699951171875,3849.6201171875
2021-01-27,1.374154806137085,90.6500015258789,1844.9000244140625,3750.77001953125
2021-01-28,1.3669419288635254,90.45999908447266,1837.9000244140625,3787.3798828125
2021-01-29,1.3725008964538574,90.58000183105469,1847.300048828125,3714.239990234375
2021-02-01,1.3697690963745117,91.0199966430664,1860.800048828125,3773.860107421875
2021-02-02,1.3678767681121826,91.19999694824219,1830.5,3826.31005859375
2021-02-03,1.3659336566925049,91.12000274658203,1832.199951171875,3830.169921875
2021-02-04,1.364908218383789,91.52999877929688,1788.9000244140625,3871.739990234375
2021-02-05,1.3676148653030396,91.04000091552734,1810.9000244140625,3886.830078125
2021-02-08,1.3738716840744019,90.93000030517578,1831.9000244140625,3915.590087890625
2021-02-09,1.374570369720459,90.44000244140625,1835.300048828125,3911.22998046875
2021-02-10,1.3817994594573975,90.37000274658203,1840.5999755859375,3909.8798828125
2021-02-11,1.3832597732543945,90.41999816894531,1824.9000244140625,3916.3798828125
2021-02-12,1.381024718284607,90.4800033569336,1821.5999755859375,3934.830078125
2021-02-15,1.3871549367904663,90.4800033569336,1821.5999755859375,3934.830078125
2021-02-16,1.3914785385131836,90.51000213623047,1797.199951171875,3932.590087890625
2021-02-17,1.388811707496643,90.94999694824219,1771.0999755859375,3931.330078125
2021-02-18,1.3866355419158936,90.58999633789062,1773.4000244140625,3913.969970703125
2021-02-19,1.3967455625534058,90.36000061035156,1775.800048828125,3906.7099609375
2021-02-22,1.403114914894104,90.01000213623047,1806.699951171875,3876.5
2021-02-23,1.4071228504180908,90.16999816894531,1804.4000244140625,3881.3701171875
2021-02-24,1.412030577659607,90.18000030517578,1796.4000244140625,3925.429931640625
2021-02-25,1.4148274660110474,90.12999725341797,1774.4000244140625,3829.340087890625
2021-02-26,1.4008152484893799,90.93000030517578,1728.0999755859375,3811.14990234375
2021-03-01,1.3972529172897339,91.04000091552734,1722.5,3901.820068359375
2021-03-02,1.3929517269134521,90.79000091552734,1733.0999755859375,3870.2900390625
2021-03-03,1.3954981565475464,90.94999694824219,1715.300048828125,3819.719970703125
2021-03-04,1.3926994800567627,91.62999725341797,1700.199951171875,3768.469970703125
2021-03-05,1.3894098997116089,91.9800033569336,1698.0,3841.93994140625
2021-03-08,1.385367751121521,92.30999755859375,1677.699951171875,3821.35009765625
2021-03-09,1.3823610544204712,91.95999908447266,1716.5999755859375,3875.43994140625
2021-03-10,1.3890432119369507,91.79000091552734,1721.5,3898.81005859375
2021-03-11,1.3931456804275513,91.41999816894531,1722.300048828125,3939.340087890625
2021-03-12,1.3989927768707275,91.68000030517578,1719.5,3943.340087890625
2021-03-15,1.3929517269134521,91.83000183105469,1728.9000244140625,3968.93994140625
2021-03-16,1.3899120092391968,91.87000274658203,1730.5999755859375,3962.7099609375
2021-03-17,1.3902212381362915,91.4000015258789,1726.800048828125,3974.1201171875
2021-03-18,1.3975849151611328,91.8499984741211,1732.199951171875,3915.4599609375
2021-03-19,1.3925055265426636,91.91999816894531,1741.4000244140625,3913.10009765625
2021-03-22,1.3832597732543945,91.80000305175781,1737.800048828125,3940.590087890625
2021-03-23,1.3862512111663818,92.33999633789062,1724.699951171875,3910.52001953125
2021-03-24,1.3730417490005493,92.52999877929688,1732.9000244140625,3889.139892578125
2021-03-25,1.3688879013061523,92.87999725341797,1724.9000244140625,3909.52001953125
2021-03-26,1.374910593032837,92.7699966430664,1732.199951171875,3974.5400390625
2021-03-29,1.3791011571884155,92.94000244140625,1712.0999755859375,3971.090087890625
2021-03-30,1.3775053024291992,93.30000305175781,1683.9000244140625,3958.550048828125
2021-03-31,1.3746649026870728,93.2300033569336,1713.800048828125,3972.889892578125
2021-04-01,1.3786258697509766,92.93000030517578,1726.5,4019.8701171875
2021-04-02,1.383508563041687,92.93000030517578,1726.5,4019.8701171875
2021-04-05,1.383125901222229,92.5999984741211,1727.0,4077.909912109375
2021-04-06,1.3914011716842651,92.33999633789062,1741.5,4073.93994140625
2021-04-07,1.383125901222229,92.45999908447266,1740.0999755859375,4079.949951171875
2021-04-08,1.3743815422058105,92.05999755859375,1756.800048828125,4097.169921875
2021-04-09,1.373437762260437,92.16000366210938,1743.300048828125,4128.7998046875
2021-04-12,1.3712154626846313,92.13999938964844,1731.199951171875,4127.990234375
2021-04-13,1.3753834962844849,91.8499984741211,1746.199951171875,4141.58984375
2021-04-14,1.3759700059890747,91.69000244140625,1734.9000244140625,4124.66015625
2021-04-15,1.3779228925704956,91.66999816894531,1765.4000244140625,4170.419921875
2021-04-16,1.3785498142242432,91.55999755859375,1779.0,4185.47021484375
2021-04-19,1.3818453550338745,91.06999969482422,1769.4000244140625,4163.259765625
2021-04-20,1.3993842601776123,91.23999786376953,1777.300048828125,4134.93994140625
2021-04-21,1.3938837051391602,91.16000366210938,1792.300048828125,4173.419921875
2021-04-22,1.3931845426559448,91.33000183105469,1781.199951171875,4134.97998046875
2021-04-23,1.3840255737304688,90.86000061035156,1777.0,4180.169921875
2021-04-26,1.3866355419158936,90.80999755859375,1779.199951171875,4187.6201171875
2021-04-27,1.3895643949508667,90.91000366210938,1778.0,4186.72021484375
2021-04-28,1.390356421470642,90.61000061035156,1773.199951171875,4183.18017578125
2021-04-29,1.395673394203186,90.61000061035156,1768.0999755859375,4211.47021484375
2021-04-30,1.3952839374542236,91.27999877929688,1767.300048828125,4181.169921875
2021-05-03,1.3819791078567505,90.94999694824219,1791.4000244140625,4192.66015625
2021-05-04,1.3903758525848389,91.29000091552734,1775.800048828125,4164.66015625
2021-05-05,1.388811707496643,91.30999755859375,1784.0999755859375,4167.58984375
2021-05-06,1.3909753561019897,90.94999694824219,1815.5,4201.6201171875
2021-05-07,1.389854073524475,90.2300033569336,1831.0999755859375,4232.60009765625
2021-05-10,1.4041197299957275,90.20999908447266,1837.5,4188.43017578125
2021-05-11,1.4131278991699219,90.13999938964844,1835.9000244140625,4152.10009765625
2021-05-12,1.4138271808624268,90.70999908447266,1822.5999755859375,4063.0400390625
2021-05-13,1.4063708782196045,90.75,1823.800048828125,4112.5
2021-05-14,1.4050863981246948,90.31999969482422,1837.9000244140625,4173.85009765625
2021-05-17,1.4101786613464355,90.22000122070312,1867.5,4163.2900390625
2021-05-18,1.4148674011230469,89.75,1867.800048828125,4127.830078125
2021-05-19,1.41880202293396,90.19000244140625,1881.300048828125,4115.68017578125
2021-05-20,1.4106162786483765,89.80999755859375,1881.800048828125,4159.1201171875
2021-05-21,1.4185603857040405,90.0199966430664,1876.699951171875,4155.85986328125
2021-05-24,1.4142870903015137,89.83000183105469,1884.5999755859375,4197.0498046875
2021-05-25,1.415608525276184,89.63999938964844,1898.0999755859375,4188.1298828125
2021-05-26,1.4143872261047363,90.04000091552734,1901.300048828125,4195.990234375
2021-05-27,1.4116119146347046,89.97000122070312,1895.699951171875,4200.8798828125
2021-05-28,1.4203739166259766,90.02999877929688,1902.5,4204.10986328125
2021-05-31,1.4180374145507812,90.02999877929688,1902.5,4204.10986328125
2021-06-01,1.4226775169372559,89.83000183105469,1902.9000244140625,4202.0400390625
2021-06-02,1.4157087802886963,89.9000015258789,1907.5,4208.1201171875
2021-06-03,1.4171934127807617,90.5,1871.199951171875,4192.85009765625
2021-06-04,1.4109944105148315,90.13999938964844,1889.800048828125,4229.89013671875
2021-06-07,1.4164307117462158,89.94999694824219,1896.800048828125,4226.52001953125
2021-06-08,1.41765558719635,90.08000183105469,1892.199951171875,4227.259765625
2021-06-09,1.414987564086914,90.12000274658203,1893.199951171875,4219.5498046875
2021-06-10,1.4112334251403809,90.08000183105469,1894.199951171875,4239.18017578125
2021-06-11,1.4170126914978027,90.55999755859375,1877.4000244140625,4247.43994140625
2021-06-14,1.411930799484253,90.5199966430664,1864.0,4255.14990234375
2021-06-15,1.4109944105148315,90.54000091552734,1854.5,4246.58984375
2021-06-16,1.4081531763076782,91.12999725341797,1859.5,4223.7001953125
2021-06-17,1.3990709781646729,91.88999938964844,1773.800048828125,4221.85986328125
2021-06-18,1.3938642740249634,92.2300033569336,1767.9000244140625,4166.4501953125
2021-06-21,1.381711721420288,91.86000061035156,1781.800048828125,4224.7900390625
2021-06-22,1.392540454864502,91.7300033569336,1776.300048828125,4246.43994140625
2021-06-23,1.3949919939041138,91.80000305175781,1782.300048828125,4241.83984375
2021-06-24,1.3967455625534058,91.81999969482422,1775.5999755859375,4266.490234375
2021-06-25,1.3916915655136108,91.80999755859375,1776.5999755859375,4280.7001953125
2021-06-28,1.389506459236145,91.87999725341797,1779.5999755859375,4290.60986328125
2021-06-29,1.3879058361053467,92.05000305175781,1762.800048828125,4291.7998046875
2021-06-30,1.3842746019363403,92.44000244140625,1770.800048828125,4297.5
2021-07-01,1.3829153776168823,92.5999984741211,1775.9000244140625,4319.93994140625
2021-07-02,1.3759511709213257,92.2300033569336,1782.5999755859375,4352.33984375
2021-07-05,1.383125901222229,92.2300033569336,1782.5999755859375,4352.33984375
2021-07-06,1.3856172561645508,92.55000305175781,1793.5,4343.5400390625
2021-07-07,1.3805670738220215,92.63999938964844,1801.5,4358.1298828125
2021-07-08,1.3801099061965942,92.36000061035156,1799.5999755859375,4320.81982421875
2021-07-09,1.3790820837020874,92.12999725341797,1810.0,4369.5498046875
2021-07-12,1.3899506330490112,92.2300033569336,1805.5,4384.6298828125
2021-07-13,1.3886960744857788,92.75,1809.4000244140625,4369.2099609375
2021-07-14,1.3806052207946777,92.41000366210938,1824.300048828125,4374.2998046875
2021-07-15,1.385809302330017,92.62000274658203,1828.4000244140625,4360.02978515625
2021-07-16,1.3829728364944458,92.69000244140625,1814.5,4327.16015625
2021-07-19,1.3763866424560547,92.88999938964844,1808.699951171875,4258.490234375
2021-07-20,1.3669979572296143,92.97000122070312,1810.9000244140625,4323.06005859375
2021-07-21,1.3633265495300293,92.75,1802.9000244140625,4358.68994140625
2021-07-22,1.3714035749435425,92.81999969482422,1805.0,4367.47998046875
2021-07-23,1.377389669418335,92.91000366210938,1801.4000244140625,4411.7900390625
2021-07-26,1.3757808208465576,92.6500015258789,1798.699951171875,4422.2998046875
2021-07-27,1.3829153776168823,92.43000030517578,1799.5,4401.4599609375
2021-07-28,1.3882719278335571,92.31999969482422,1799.5,4400.64013671875
2021-07-29,1.3906852006912231,91.86000061035156,1831.199951171875,4419.14990234375
2021-07-30,1.3964334726333618,92.16999816894531,1812.5999755859375,4395.259765625
2021-08-02,1.3896223306655884,92.05000305175781,1818.0999755859375,4387.16015625
2021-08-03,1.3892748355865479,92.08000183105469,1810.0999755859375,4423.14990234375
2021-08-04,1.391788363456726,92.2699966430664,1810.5,4402.66015625
2021-08-05,1.3890432119369507,92.23999786376953,1805.0999755859375,4429.10009765625
2021-08-06,1.3927576541900635,92.80000305175781,1760.0,4436.52001953125
2021-08-09,1.3868471384048462,92.94999694824219,1723.4000244140625,4432.35009765625
2021-08-10,1.3849073648452759,93.05999755859375,1728.800048828125,4436.75
2021-08-11,1.3836042881011963,92.91000366210938,1750.4000244140625,4442.41015625
2021-08-12,1.3866932392120361,93.04000091552734,1749.0,4460.830078125
2021-08-13,1.3811582326889038,92.5199966430664,1775.199951171875,4468.0
2021-08-16,1.3863856792449951,92.62999725341797,1786.9000244140625,4479.7099609375
2021-08-17,1.3842746019363403,93.12999725341797,1785.0,4448.080078125
2021-08-18,1.3740416765213013,93.13999938964844,1781.5999755859375,4400.27001953125
2021-08-19,1.3743815422058105,93.56999969482422,1780.199951171875,4405.7998046875
2021-08-20,1.3630849123001099,93.5,1781.0,4441.669921875
2021-08-23,1.3625277280807495,92.95999908447266,1803.199951171875,4479.52978515625
2021-08-24,1.37247633934021,92.88999938964844,1805.5999755859375,4486.22998046875
2021-08-25,1.3725517988204956,92.83000183105469,1788.199951171875,4496.18994140625
2021-08-26,1.3766520023345947,93.05999755859375,1792.199951171875,4470.0
2021-08-27,1.3702384233474731,92.69000244140625,1816.5999755859375,4509.3701171875
2021-08-30,1.3762996196746826,92.6500015258789,1809.0,4528.7900390625
2021-08-31,1.376045823097229,92.62999725341797,1815.0,4522.68017578125
2021-09-01,1.3753398656845093,92.44999694824219,1813.0999755859375,4524.08984375
2021-09-02,1.3771638870239258,92.2300033569336,1808.699951171875,4536.9501953125
2021-09-03,1.383680820465088,92.04000091552734,1830.9000244140625,4535.43017578125
2021-09-06,1.3859245777130127,92.04000091552734,1830.9000244140625,4535.43017578125
2021-09-07,1.3839489221572876,92.5199966430664,1795.9000244140625,4520.02978515625
2021-09-08,1.3779798746109009,92.6500015258789,1790.699951171875,4514.06982421875
2021-09-09,1.3767657279968262,92.4800033569336,1797.4000244140625,4493.27978515625
2021-09-10,1.3839681148529053,92.58000183105469,1789.5999755859375,4458.580078125
2021-09-13,1.3840830326080322,92.62000274658203,1792.0,4468.72998046875
2021-09-14,1.3838149309158325,92.6500015258789,1804.699951171875,4443.0498046875
2021-09-15,1.381024718284607,92.48999786376953,1792.4000244140625,4480.7001953125
2021-09-16,1.3848881721496582,92.86000061035156,1754.5999755859375,4473.75
2021-09-17,1.3797005414962769,93.19999694824219,1749.4000244140625,4432.990234375
2021-09-20,1.3729662895202637,93.23999786376953,1761.800048828125,4357.72998046875
2021-09-21,1.366269588470459,93.19999694824219,1776.0,4354.18994140625
2021-09-22,1.3657469749450684,93.45999908447266,1776.699951171875,4395.64013671875
2021-09-23,1.3617113828659058,93.0999984741211,1747.699951171875,4448.97998046875
2021-09-24,1.3722503185272217,93.33000183105469,1749.699951171875,4455.47998046875
2021-09-27,1.3669044971466064,93.37999725341797,1750.0,4443.10986328125
2021-09-28,1.3701633214950562,93.7699966430664,1735.800048828125,4352.6298828125
2021-09-29,1.354224443435669,94.33999633789062,1721.5,4359.4599609375
2021-09-30,1.3426424264907837,94.25,1755.300048828125,4307.5400390625
2021-10-01,1.346982717514038,94.04000091552734,1757.0,4357.0400390625
2021-10-04,1.3570915460586548,93.80999755859375,1766.199951171875,4300.4599609375
2021-10-05,1.3607479333877563,93.9800033569336,1759.5999755859375,4345.72021484375
2021-10-06,1.3627691268920898,94.2699966430664,1760.5,4363.5498046875
2021-10-07,1.3592127561569214,94.22000122070312,1757.9000244140625,4399.759765625
2021-10-08,1.3620266914367676,94.06999969482422,1756.300048828125,4391.33984375
2021-10-11,1.361655831336975,94.31999969482422,1754.5999755859375,4361.18994140625
2021-10-12,1.3590649366378784,94.5199966430664,1758.300048828125,4350.64990234375
2021-10-13,1.3578838109970093,94.08000183105469,1793.699951171875,4363.7998046875
2021-10-14,1.366923213005066,93.95999908447266,1796.699951171875,4438.259765625
2021-10-15,1.3668859004974365,93.94000244140625,1767.199951171875,4471.3701171875
2021-10-18,1.376159429550171,93.94999694824219,1764.800048828125,4486.4599609375
2021-10-19,1.373645305633545,93.79000091552734,1769.699951171875,4519.6298828125
2021-10-20,1.3793197870254517,93.55999755859375,1784.0999755859375,4536.18994140625
2021-10-21,1.3822999000549316,93.7699966430664,1781.199951171875,4549.77978515625
2021-10-22,1.379120111465454,93.61000061035156,1795.5,4544.89990234375
2021-10-25,1.3762730360031128,93.80999755859375,1806.0,4566.47998046875
2021-10-26,1.37644362449646,93.94999694824219,1792.699951171875,4574.7900390625
2021-10-27,1.3766140937805176,93.86000061035156,1797.9000244140625,4551.68017578125
2021-10-28,1.3732868432998657,93.3499984741211,1801.5999755859375,4596.419921875
2021-10-29,1.380071759223938,94.12000274658203,1783.0,4605.3798828125
2021-11-01,1.36832594871521,93.87999725341797,1795.0999755859375,4613.669921875
2021-11-02,1.365541934967041,94.08999633789062,1788.699951171875,4630.64990234375
2021-11-03,1.3617392778396606,93.86000061035156,1763.5999755859375,4660.56982421875
2021-11-04,1.3694878816604614,94.3499984741211,1793.0,4680.06005859375
2021-11-05,1.3508602380752563,94.31999969482422,1816.4000244140625,4697.52978515625
2021-11-08,1.349127173423767,94.05000305175781,1827.4000244140625,4701.7001953125
2021-11-09,1.3564507961273193,93.95999908447266,1830.199951171875,4685.25
2021-11-10,1.3560001850128174,94.8499984741211,1847.5999755859375,4646.7099609375
2021-11-11,1.3412736654281616,95.18000030517578,1863.199951171875,4649.27001953125
2021-11-12,1.3366482257843018,95.12999725341797,1867.9000244140625,4682.85009765625
2021-11-15,1.341705560684204,95.41000366210938,1866.0999755859375,4682.7998046875
2021-11-16,1.3408420085906982,95.91999816894531,1853.5999755859375,4700.89990234375
2021-11-17,1.3424620628356934,95.83000183105469,1869.699951171875,4688.669921875
2021-11-18,1.34916353225708,95.54000091552734,1861.0,4704.5400390625
2021-11-19,1.3499648571014404,96.06999969482422,1851.199951171875,4697.9599609375
2021-11-22,1.3434540033340454,96.5,1806.0,4682.93994140625
2021-11-23,1.3397642374038696,96.48999786376953,1783.5,4690.7001953125
2021-11-24,1.337595820426941,96.83999633789062,1784.0999755859375,4701.4599609375
2021-11-25,1.333066701889038,96.83999633789062,1784.0999755859375,4701.4599609375
2021-11-26,1.331416130065918,96.08999633789062,1785.300048828125,4594.6201171875
2021-11-29,1.334098219871521,96.33999633789062,1782.300048828125,4655.27001953125
2021-11-30,1.3315047025680542,95.98999786376953,1773.5999755859375,4567.0
2021-12-01,1.3295927047729492,96.05000305175781,1781.5999755859375,4513.0400390625
2021-12-02,1.3280000686645508,96.12999725341797,1760.699951171875,4577.10009765625
2021-12-03,1.3299994468688965,96.12000274658203,1782.0,4538.43017578125
2021-12-06,1.3237318992614746,96.29000091552734,1777.5,4591.669921875
2021-12-07,1.326435923576355,96.37000274658203,1782.5999755859375,4686.75
2021-12-08,1.3246086835861206,95.88999938964844,1783.4000244140625,4701.2099609375
2021-12-09,1.3210039138793945,96.2699966430664,1774.5999755859375,4667.4501953125
2021-12-10,1.3224014043807983,96.05000305175781,1782.9000244140625,4712.02001953125
2021-12-13,1.3257148265838623,96.31999969482422,1786.300048828125,4668.97021484375
2021-12-14,1.3213530778884888,96.56999969482422,1770.4000244140625,4634.08984375
2021-12-15,1.323050618171692,96.51000213623047,1762.5999755859375,4709.85009765625
2021-12-16,1.3263126611709595,96.04000091552734,1796.5999755859375,4668.669921875
2021-12-17,1.3323739767074585,96.56999969482422,1803.800048828125,4620.64013671875
2021-12-20,1.3229438066482544,96.55000305175781,1793.699951171875,4568.02001953125
2021-12-21,1.3210004568099976,96.48999786376953,1787.9000244140625,4649.22998046875
2021-12-22,1.3269639015197754,96.08000183105469,1801.5999755859375,4696.56005859375
2021-12-23,1.3352025747299194,96.0199966430664,1811.199951171875,4725.7900390625
2021-12-24,1.3406623601913452,96.0199966430664,1811.199951171875,4725.7900390625
2021-12-27,1.3404303789138794,96.08999633789062,1808.0999755859375,4791.18994140625
2021-12-28,1.344266653060913,96.19999694824219,1810.199951171875,4786.35009765625
2021-12-29,1.3433277606964111,95.93000030517578,1805.0999755859375,4793.06005859375
2021-12-30,1.349879264831543,95.97000122070312,1812.699951171875,4778.72998046875
2021-12-31,1.349837303161621,95.66999816894531,1827.5,4766.18017578125
2022-01-03,1.3522284030914307,96.23999786376953,1799.4000244140625,4796.56005859375
2022-01-04,1.3483266830444336,96.29000091552734,1814.0,4793.5400390625
2022-01-05,1.353143334388733,96.19000244140625,1824.5999755859375,4700.580078125
2022-01-06,1.3555645942687988,96.25,1788.699951171875,4696.0498046875
2022-01-07,1.353363037109375,95.73999786376953,1797.0,4677.02978515625
2022-01-10,1.3592311143875122,95.98999786376953,1798.4000244140625,4670.2900390625
2022-01-11,1.3580313920974731,95.62000274658203,1818.5999755859375,4713.06982421875
2022-01-12,1.3633265495300293,95.0,1827.199951171875,4726.35009765625
2022-01-13,1.3709993362426758,94.79000091552734,1821.199951171875,4659.02978515625
2022-01-14,1.3713659048080444,95.16999816894531,1816.5,4662.85009765625
2022-01-17,1.367353081703186,95.16999816894531,1816.5,4662.85009765625
2022-01-18,1.364800214767456,95.7300033569336,1812.300048828125,4577.10986328125
2022-01-19,1.3600261211395264,95.51000213623047,1843.0999755859375,4532.759765625
2022-01-20,1.3608589172363281,95.73999786376953,1842.5,4482.72998046875
2022-01-21,1.359767198562622,95.63999938964844,1831.800048828125,4397.93994140625
2022-01-24,1.3555830717086792,95.91999816894531,1841.699951171875,4410.1298828125
2022-01-25,1.3489269018173218,95.94999694824219,1852.699951171875,4356.4501953125
2022-01-26,1.3510775566101074,96.48999786376953,1829.9000244140625,4349.93017578125
2022-01-27,1.3468012809753418,97.26000213623047,1793.300048828125,4326.509765625
2022-01-28,1.3388315439224243,97.2699966430664,1784.9000244140625,4431.85009765625
2022-01-31,1.3403388261795044,96.54000091552734,1795.0,4515.5498046875
2022-02-01,1.3445378541946411,96.38999938964844,1800.300048828125,4546.5400390625
2022-02-02,1.352539300918579,95.94000244140625,1809.199951171875,4589.3798828125
2022-02-03,1.3565024137496948,95.37999725341797,1803.0,4477.43994140625
2022-02-04,1.359841227531433,95.4800033569336,1806.5999755859375,4500.52978515625
2022-02-07,1.3533447980880737,95.4000015258789,1820.5999755859375,4483.8701171875
2022-02-08,1.353780746459961,95.63999938964844,1826.5999755859375,4521.5400390625
2022-02-09,1.3547565937042236,95.48999786376953,1835.199951171875,4587.18017578125
2022-02-10,1.3533265590667725,95.55000305175781,1836.199951171875,4504.080078125
2022-02-11,1.3551788330078125,96.08000183105469,1840.800048828125,4418.64013671875
2022-02-14,1.3569625616073608,96.37000274658203,1868.0,4401.669921875
2022-02-15,1.3532898426055908,95.98999786376953,1854.800048828125,4471.06982421875
2022-02-16,1.3541145324707031,95.69999694824219,1870.199951171875,4475.009765625
2022-02-17,1.3584926128387451,95.80000305175781,1900.699951171875,4380.259765625
2022-02-18,1.3618782758712769,96.04000091552734,1898.5999755859375,4348.8701171875
2022-02-21,1.359342098236084,96.04000091552734,1898.5999755859375,4348.8701171875
2022-02-22,1.3596007823944092,96.02999877929688,1906.0999755859375,4304.759765625
2022-02-23,1.3589357137680054,96.19000244140625,1909.199951171875,4225.5
2022-02-24,1.3545730113983154,97.13999938964844,1925.0999755859375,4288.7001953125
2022-02-25,1.337327480316162,96.62000274658203,1886.5,4384.64990234375
2022-02-28,1.337327480316162,96.70999908447266,1899.4000244140625,4373.93994140625
2022-03-01,1.3422818183898926,97.41000366210938,1942.4000244140625,4306.259765625
2022-03-02,1.3335111141204834,97.38999938964844,1920.9000244140625,4386.5400390625
2022-03-03,1.33969247341156,97.79000091552734,1934.4000244140625,4363.490234375
2022-03-04,1.3350956439971924,98.6500015258789,1965.0999755859375,4328.8701171875
2022-03-07,1.3212482929229736,99.29000091552734,1993.9000244140625,4201.08984375
2022-03-08,1.3112295866012573,99.05999755859375,2040.0999755859375,4170.7001953125
2022-03-09,1.3099292516708374,97.97000122070312,1985.9000244140625,4277.8798828125
2022-03-10,1.3185653686523438,98.51000213623047,1998.0999755859375,4259.52001953125
2022-03-11,1.3103240728378296,99.12000274658203,1982.699951171875,4204.31005859375
2022-03-14,1.3050298690795898,99.05999755859375,1959.5999755859375,4173.10986328125
2022-03-15,1.3011853694915771,99.06999969482422,1928.5,4262.4501953125
2022-03-16,1.304648518562317,98.37999725341797,1908.0,4357.85986328125
2022-03-17,1.3141123056411743,98.01000213623047,1942.0999755859375,4411.669921875
2022-03-18,1.3160406351089478,98.2300033569336,1928.199951171875,4463.1201171875
2022-03-21,1.3160839080810547,98.5,1928.5999755859375,4461.18017578125
2022-03-22,1.3168290853500366,98.48999786376953,1920.699951171875,4511.60986328125
2022-03-23,1.3266470432281494,98.62000274658203,1936.5999755859375,4456.240234375
2022-03-24,1.3206027746200562,98.79000091552734,1961.5999755859375,4520.16015625
2022-03-25,1.3195745944976807,98.80999755859375,1953.800048828125,4543.06005859375
2022-03-28,1.317627191543579,99.08999633789062,1939.5999755859375,4575.52001953125
2022-03-29,1.3103584051132202,98.4000015258789,1912.0,4631.60009765625
2022-03-30,1.3093804121017456,97.79000091552734,1933.5,4602.4501953125
2022-03-31,1.3138878345489502,98.30999755859375,1949.199951171875,4530.41015625
2022-04-01,1.314699649810791,98.62999725341797,1919.0999755859375,4545.85986328125
2022-04-04,1.3103755712509155,98.98999786376953,1929.199951171875,4582.64013671875
2022-04-05,1.3114582300186157,99.47000122070312,1922.9000244140625,4525.1201171875
2022-04-06,1.3077365159988403,99.5999984741211,1918.4000244140625,4481.14990234375
2022-04-07,1.307206630706787,99.75,1933.800048828125,4500.2099609375
2022-04-08,1.3069332838058472,99.80000305175781,1941.5999755859375,4488.27978515625
2022-04-11,1.303220272064209,99.93000030517578,1944.300048828125,4412.52978515625
2022-04-12,1.3024225234985352,100.29000091552734,1972.0999755859375,4397.4501953125
2022-04-13,1.3002548217773438,99.87999725341797,1981.0,4446.58984375
2022-04-14,1.312026023864746,100.31999969482422,1970.9000244140625,4392.58984375
2022-04-15,1.3070015907287598,100.31999969482422,1970.9000244140625,4392.58984375
2022-04-18,1.3057557344436646,100.77999877929688,1982.9000244140625,4391.68994140625
2022-04-19,1.3009822368621826,100.95999908447266,1955.699951171875,4462.2099609375
2022-04-20,1.301371693611145,100.38999938964844,1952.300048828125,4459.4501953125
2022-04-21,1.3068820238113403,100.58000183105469,1944.9000244140625,4393.66015625
2022-04-22,1.302626132965088,101.22000122070312,1931.0,4271.77978515625
2022-04-25,1.2830876111984253,101.75,1893.199951171875,4296.1201171875
2022-04-26,1.2739989757537842,102.30000305175781,1901.4000244140625,4175.2001953125
2022-04-27,1.2583998441696167,102.94999694824219,1885.9000244140625,4183.9599609375
2022-04-28,1.2541857957839966,103.62000274658203,1888.699951171875,4287.5
2022-04-29,1.2463854551315308,102.95999908447266,1909.300048828125,4131.93017578125
2022-05-02,1.2573871612548828,103.73999786376953,1861.800048828125,4155.3798828125
2022-05-03,1.2498282194137573,103.47000122070312,1868.800048828125,4175.47998046875
2022-05-04,1.2500405311584473,102.58999633789062,1867.0,4300.169921875
2022-05-05,1.261813759803772,103.75,1874.0,4146.8701171875
2022-05-06,1.2364147901535034,103.66000366210938,1881.199951171875,4123.33984375
2022-05-09,1.2326656579971313,103.6500015258789,1857.0999755859375,3991.239990234375
2022-05-10,1.2338824272155762,103.91999816894531,1839.9000244140625,4001.050048828125
2022-05-11,1.2309207916259766,103.8499984741211,1852.5999755859375,3935.179931640625
2022-05-12,1.2234212160110474,104.8499984741211,1823.800048828125,3930.080078125
2022-05-13,1.220613718032837,104.55999755859375,1807.4000244140625,4023.889892578125
2022-05-16,1.2258507013320923,104.19000244140625,1813.5,4008.010009765625
2022-05-17,1.2324832677841187,103.36000061035156,1818.199951171875,4088.85009765625
2022-05-18,1.2484394311904907,103.80999755859375,1815.9000244140625,3923.679931640625
2022-05-19,1.2345831394195557,102.72000122070312,1841.199951171875,3900.7900390625
2022-05-20,1.2462146282196045,103.1500015258789,1841.800048828125,3901.360107421875
2022-05-23,1.2504063844680786,102.08000183105469,1847.800048828125,3973.75
2022-05-24,1.256754994392395,101.86000061035156,1865.0999755859375,3941.47998046875
2022-05-25,1.2542959451675415,102.05999755859375,1846.199951171875,3978.72998046875
2022-05-26,1.258610486984253,101.83000183105469,1847.4000244140625,4057.840087890625
2022-05-27,1.261734127998352,101.66999816894531,1851.300048828125,4158.240234375
2022-05-30,1.262833595275879,101.66999816894531,1851.300048828125,4158.240234375
2022-05-31,1.2647020816802979,101.75,1842.699951171875,4132.14990234375
2022-06-01,1.2608909606933594,102.55000305175781,1843.300048828125,4101.22998046875
2022-06-02,1.2483147382736206,101.7699966430664,1866.5,4176.81982421875
2022-06-03,1.2579249143600464,102.13999938964844,1845.4000244140625,4108.5400390625
2022-06-06,1.249230146408081,102.44000244140625,1839.199951171875,4121.43017578125
2022-06-07,1.2523481845855713,102.31999969482422,1847.5,4160.68017578125
2022-06-08,1.2587324380874634,102.54000091552734,1851.9000244140625,4115.77001953125
2022-06-09,1.254028558731079,103.22000122070312,1848.800048828125,4017.820068359375
2022-06-10,1.2492972612380981,104.1500015258789,1871.5,3900.860107421875
2022-06-13,1.2274909019470215,105.08000183105469,1828.0,3749.6298828125
2022-06-14,1.2144765853881836,105.5199966430664,1809.5,3735.47998046875
2022-06-15,1.201258897781372,105.16000366210938,1815.300048828125,3789.989990234375
2022-06-16,1.2174336910247803,103.62999725341797,1845.699951171875,3666.77001953125
2022-06-17,1.2354830503463745,104.69999694824219,1835.5999755859375,3674.840087890625
2022-06-20,1.2228227853775024,104.69999694824219,1835.5999755859375,3674.840087890625
2022-06-21,1.225174903869629,104.44000244140625,1834.5999755859375,3764.7900390625
2022-06-22,1.2266627550125122,104.19999694824219,1834.300048828125,3759.889892578125
2022-06-23,1.225084900856018,104.43000030517578,1825.699951171875,3795.72998046875
2022-06-24,1.2260762453079224,104.19000244140625,1826.5,3911.739990234375
2022-06-27,1.228244662284851,103.94000244140625,1820.9000244140625,3900.110107421875
2022-06-28,1.2267379760742188,104.51000213623047,1817.5,3821.550048828125
2022-06-29,1.2189769744873047,105.11000061035156,1813.699951171875,3818.830078125
2022-06-30,1.2131799459457397,104.69000244140625,1804.0999755859375,3785.3798828125
2022-07-01,1.2160863876342773,105.13999938964844,1798.9000244140625,3825.330078125
2022-07-04,1.2102727890014648,105.13999938964844,1798.9000244140625,3825.330078125
2022-07-05,1.211445689201355,106.5,1761.800048828125,3831.389892578125
2022-07-06,1.19491446018219,107.0999984741211,1734.9000244140625,3845.080078125
2022-07-07,1.1923214197158813,107.12999725341797,1737.9000244140625,3902.6201171875
2022-07-08,1.2028049230575562,107.01000213623047,1740.5999755859375,3899.3798828125
2022-07-11,1.2016630172729492,108.0199966430664,1730.0,3854.429931640625
2022-07-12,1.1900936365127563,108.06999969482422,1723.300048828125,3818.800048828125
2022-07-13,1.1877753734588623,107.95999908447266,1734.199951171875,3801.780029296875
2022-07-14,1.186380386352539,108.54000091552734,1704.5,3790.3798828125
2022-07-15,1.1839643716812134,108.05999755859375,1702.4000244140625,3863.159912109375
2022-07-18,1.1888344287872314,107.37000274658203,1709.199951171875,3830.85009765625
2022-07-19,1.194828748703003,106.68000030517578,1710.0,3936.68994140625
2022-07-20,1.2003505229949951,107.08000183105469,1699.5,3959.89990234375
2022-07-21,1.1971746683120728,106.91000366210938,1712.699951171875,3998.949951171875
2022-07-22,1.1996161937713623,106.7300033569336,1727.0999755859375,3961.6298828125
2022-07-25,1.1986957788467407,106.4800033569336,1719.0,3966.840087890625
2022-07-26,1.2055164575576782,107.19000244140625,1717.699951171875,3921.050048828125
2022-07-27,1.2036880254745483,106.44999694824219,1719.0999755859375,4023.610107421875
2022-07-28,1.2163082361221313,106.3499984741211,1750.300048828125,4072.429931640625
2022-07-29,1.2173447608947754,105.9000015258789,1762.9000244140625,4130.2900390625
2022-08-01,1.2167373895645142,105.44999694824219,1769.0,4118.6298828125
2022-08-02,1.2254151105880737,106.23999786376953,1771.0999755859375,4091.18994140625
2022-08-03,1.2142995595932007,106.51000213623047,1758.0,4155.169921875
2022-08-04,1.2138278484344482,105.69000244140625,1788.5,4151.93994140625
2022-08-05,1.215849757194519,106.62000274658203,1772.9000244140625,4145.18994140625
2022-08-08,1.2059526443481445,106.44000244140625,1786.800048828125,4140.06005859375
2022-08-09,1.208473801612854,106.37000274658203,1794.0,4122.47021484375
2022-08-10,1.207423210144043,105.19999694824219,1795.5999755859375,4210.240234375
2022-08-11,1.2212995290756226,105.08999633789062,1789.699951171875,4207.27001953125
2022-08-12,1.2196162939071655,105.62999725341797,1798.5999755859375,4280.14990234375
2022-08-15,1.2127974033355713,106.55000305175781,1781.4000244140625,4297.14013671875
2022-08-16,1.205690860748291,106.5,1773.199951171875,4305.2001953125
2022-08-17,1.209818959236145,106.56999969482422,1760.300048828125,4274.0400390625
2022-08-18,1.2045146226882935,107.4800033569336,1755.300048828125,4283.740234375
2022-08-19,1.193274736404419,108.16999816894531,1747.5999755859375,4228.47998046875
2022-08-22,1.1818095445632935,109.05000305175781,1734.0,4137.990234375
2022-08-23,1.1766505241394043,108.62000274658203,1746.800048828125,4128.72998046875
2022-08-24,1.18327796459198,108.68000030517578,1747.800048828125,4140.77001953125
2022-08-25,1.1791757345199585,108.47000122070312,1757.699951171875,4199.1201171875
2022-08-26,1.1824007034301758,108.80000305175781,1736.0999755859375,4057.659912109375
2022-08-29,1.1694538593292236,108.83999633789062,1736.5999755859375,4030.610107421875
2022-08-30,1.172250509262085,108.7699966430664,1723.199951171875,3986.159912109375
2022-08-31,1.1659767627716064,108.69999694824219,1712.800048828125,3955.0
2022-09-01,1.1598505973815918,109.69000244140625,1696.5999755859375,3966.85009765625
2022-09-02,1.154894471168518,109.52999877929688,1709.800048828125,3924.260009765625
2022-09-05,1.1474601030349731,109.52999877929688,1709.800048828125,3924.260009765625
2022-09-06,1.156644344329834,110.20999908447266,1700.4000244140625,3908.18994140625
2022-09-07,1.151185154914856,109.83999633789062,1715.300048828125,3979.8701171875
2022-09-08,1.1519808769226074,109.70999908447266,1708.0,4006.179931640625
2022-09-09,1.1521600484848022,109.0,1716.199951171875,4067.360107421875
2022-09-12,1.1619395017623901,108.33000183105469,1728.0999755859375,4110.41015625
2022-09-13,1.1689754724502563,109.81999969482422,1705.0,3932.68994140625
2022-09-14,1.1506155729293823,109.66000366210938,1696.5,3946.010009765625
2022-09-15,1.1544944047927856,109.73999786376953,1665.4000244140625,3901.35009765625
2022-09-16,1.1452654600143433,109.76000213623047,1671.699951171875,3873.330078125
2022-09-19,1.1433144807815552,109.73999786376953,1666.199951171875,3899.889892578125
2022-09-20,1.1443217992782593,110.22000122070312,1659.699951171875,3855.929931640625
2022-09-21,1.138057827949524,110.63999938964844,1664.5999755859375,3789.929931640625
2022-09-22,1.1255937814712524,111.3499984741211,1670.800048828125,3757.989990234375
2022-09-23,1.126417875289917,113.19000244140625,1645.300048828125,3693.22998046875
2022-09-26,1.0797386169433594,114.0999984741211,1623.300048828125,3655.0400390625
2022-09-27,1.077284336090088,114.11000061035156,1626.699951171875,3647.2900390625
2022-09-28,1.072754144668579,112.5999984741211,1660.4000244140625,3719.0400390625
2022-09-29,1.0835996866226196,112.25,1658.5,3640.469970703125
2022-09-30,1.1169440746307373,112.12000274658203,1662.4000244140625,3585.6201171875
2022-10-03,1.114057183265686,111.75,1692.9000244140625,3678.429931640625
2022-10-04,1.1334141492843628,110.06999969482422,1721.0999755859375,3790.929931640625
2022-10-05,1.1451343297958374,111.06999969482422,1711.4000244140625,3783.280029296875
2022-10-06,1.13553786277771,112.26000213623047,1711.699951171875,3744.52001953125
2022-10-07,1.1162084341049194,112.80000305175781,1700.5,3639.659912109375
2022-10-10,1.1072726249694824,113.13999938964844,1667.300048828125,3612.389892578125
2022-10-11,1.1076405048370361,113.22000122070312,1678.699951171875,3588.840087890625
2022-10-12,1.0967799425125122,113.31999969482422,1670.300048828125,3577.030029296875
2022-10-13,1.11055588722229,112.36000061035156,1670.0,3669.909912109375
2022-10-14,1.1303905248641968,113.30999755859375,1641.699951171875,3583.070068359375
2022-10-17,1.124416708946228,112.04000091552734,1657.0,3677.949951171875
2022-10-18,1.1353960037231445,112.12999725341797,1649.0,3719.97998046875
2022-10-19,1.134429931640625,112.9800033569336,1627.5,3695.159912109375
2022-10-20,1.1211013793945312,112.87999725341797,1630.800048828125,3665.780029296875
2022-10-21,1.1221455335617065,112.01000213623047,1651.0,3752.75
2022-10-24,1.1344685554504395,111.98999786376953,1648.699951171875,3797.340087890625
2022-10-25,1.1307740211486816,110.94999694824219,1652.800048828125,3859.110107421875
2022-10-26,1.146223783493042,109.69999694824219,1664.0,3830.60009765625
2022-10-27,1.1638191938400269,110.58999633789062,1660.699951171875,3807.300048828125
2022-10-28,1.1566041707992554,110.66999816894531,1639.5999755859375,3901.06005859375
2022-10-31,1.159595012664795,111.52999877929688,1635.9000244140625,3871.97998046875
2022-11-01,1.146815299987793,111.4800033569336,1645.0,3856.10009765625
2022-11-02,1.1489498615264893,111.3499984741211,1645.699951171875,3759.68994140625
2022-11-03,1.1384334564208984,112.93000030517578,1627.300048828125,3719.889892578125
2022-11-04,1.1171187162399292,110.87999725341797,1672.5,3770.550048828125
2022-11-07,1.1331573724746704,110.12000274658203,1676.5,3806.800048828125
2022-11-08,1.1517950296401978,109.62000274658203,1712.0999755859375,3828.110107421875
2022-11-09,1.1552680730819702,110.55000305175781,1710.0999755859375,3748.570068359375
2022-11-10,1.1368157863616943,108.20999908447266,1750.300048828125,3956.3701171875
2022-11-11,1.1695632934570312,106.29000091552734,1766.0,3992.929931640625
2022-11-14,1.1799131631851196,106.66000366210938,1773.5999755859375,3957.25
2022-11-15,1.175249695777893,106.4000015258789,1773.800048828125,3991.72998046875
2022-11-16,1.1880435943603516,106.27999877929688,1773.0,3958.7900390625
2022-11-17,1.191525936126709,106.69000244140625,1760.800048828125,3946.56005859375
2022-11-18,1.1860145330429077,106.93000030517578,1751.9000244140625,3965.340087890625
2022-11-21,1.1886366605758667,107.83999633789062,1737.4000244140625,3949.93994140625
2022-11-22,1.1827600002288818,107.22000122070312,1738.300048828125,4003.580078125
2022-11-23,1.1894567012786865,106.08000183105469,1744.9000244140625,4027.260009765625
2022-11-24,1.2073503732681274,106.08000183105469,1744.9000244140625,4027.260009765625
2022-11-25,1.2113430500030518,105.95999908447266,1753.300048828125,4026.1201171875
2022-11-28,1.2054728269577026,106.68000030517578,1740.0999755859375,3963.93994140625
2022-11-29,1.1960291862487793,106.81999969482422,1748.4000244140625,3957.6298828125
2022-11-30,1.1946860551834106,105.94999694824219,1746.0,4080.110107421875
2022-12-01,1.207749843597412,104.7300033569336,1801.0999755859375,4076.570068359375
2022-12-02,1.2259259223937988,104.55000305175781,1795.9000244140625,4071.699951171875
2022-12-05,1.2297248840332031,105.29000091552734,1767.4000244140625,3998.840087890625
2022-12-06,1.2192445993423462,105.58000183105469,1769.300048828125,3941.260009765625
2022-12-07,1.2133007049560547,105.0999984741211,1785.5,3933.919921875
2022-12-08,1.2212398052215576,104.7699966430664,1788.699951171875,3963.510009765625
2022-12-09,1.2236007452011108,104.80999755859375,1798.0999755859375,3934.3798828125
2022-12-12,1.2239153385162354,105.12999725341797,1780.5,3990.56005859375
2022-12-13,1.2270842790603638,103.9800033569336,1813.9000244140625,4019.64990234375
2022-12-14,1.235666275024414,103.7699966430664,1807.5,3995.320068359375
2022-12-15,1.2419428825378418,104.55999755859375,1777.199951171875,3895.75
2022-12-16,1.2189176082611084,104.69999694824219,1790.0,3852.360107421875
2022-12-19,1.2160272598266602,104.72000122070312,1787.699951171875,3817.659912109375
2022-12-20,1.2153326272964478,103.97000122070312,1815.9000244140625,3821.6201171875
2022-12-21,1.2189176082611084,104.16000366210938,1815.9000244140625,3878.43994140625
2022-12-22,1.2077397108078003,104.43000030517578,1787.0,3822.389892578125
2022-12-23,1.203992486000061,104.30999755859375,1795.9000244140625,3844.820068359375
2022-12-26,1.206000566482544,104.30999755859375,1795.9000244140625,3844.820068359375
2022-12-27,1.2084153890609741,104.18000030517578,1814.800048828125,3829.25
2022-12-28,1.2027326822280884,104.45999908447266,1807.9000244140625,3783.219970703125
2022-12-29,1.2028483152389526,103.83999633789062,1819.5,3849.280029296875
2022-12-30,1.2056326866149902,103.5199966430664,1819.699951171875,3839.5
2023-01-02,1.2120330333709717,103.5199966430664,1819.699951171875,3839.5
2023-01-03,1.206287145614624,104.5199966430664,1839.699951171875,3824.139892578125
2023-01-04,1.1969740390777588,104.25,1852.800048828125,3852.969970703125
2023-01-05,1.2057054042816162,105.04000091552734,1834.800048828125,3808.10009765625
2023-01-06,1.1912277936935425,103.87999725341797,1864.199951171875,3895.080078125
2023-01-09,1.2116365432739258,103.0,1872.699951171875,3892.090087890625
2023-01-10,1.2184869050979614,103.23999786376953,1871.5999755859375,3919.25
2023-01-11,1.2154507637023926,103.19000244140625,1874.5999755859375,3969.610107421875
2023-01-12,1.2159533500671387,102.25,1895.5,3983.169921875
2023-01-13,1.2217769622802734,102.19999694824219,1918.4000244140625,3999.090087890625
2023-01-16,1.2226732969284058,102.19999694824219,1918.4000244140625,3999.090087890625
2023-01-17,1.2207776308059692,102.38999938964844,1907.199951171875,3990.969970703125
2023-01-18,1.228471040725708,102.36000061035156,1904.4000244140625,3928.860107421875
2023-01-19,1.2347661256790161,102.05999755859375,1922.0999755859375,3898.85009765625
2023-01-20,1.2393262386322021,102.01000213623047,1926.4000244140625,3972.610107421875
2023-01-23,1.240633249282837,102.13999938964844,1927.0999755859375,4019.81005859375
2023-01-24,1.2379761934280396,101.91999816894531,1933.9000244140625,4016.949951171875
2023-01-25,1.232923984527588,101.63999938964844,1941.199951171875,4016.219970703125
2023-01-26,1.2412492036819458,101.83999633789062,1929.0999755859375,4060.429931640625
2023-01-27,1.2415266036987305,101.93000030517578,1928.5999755859375,4070.56005859375
2023-01-30,1.2400301694869995,102.27999877929688,1922.9000244140625,4017.77001953125
2023-01-31,1.2353609800338745,102.0999984741211,1929.5,4076.60009765625
2023-02-01,1.2308903932571411,101.22000122070312,1927.800048828125,4119.2099609375
2023-02-02,1.2390038967132568,101.75,1916.300048828125,4179.759765625
2023-02-03,1.222299575805664,102.91999816894531,1862.9000244140625,4136.47998046875
2023-02-06,1.2045146226882935,103.62000274658203,1866.199951171875,4111.080078125
2023-02-07,1.2026747465133667,103.43000030517578,1871.699951171875,4164.0
2023-02-08,1.2054582834243774,103.41000366210938,1877.4000244140625,4117.85986328125
2023-02-09,1.2071462869644165,103.22000122070312,1866.199951171875,4081.5
2023-02-10,1.2116806507110596,103.62999725341797,1862.800048828125,4090.4599609375
2023-02-13,1.2052258253097534,103.3499984741211,1851.9000244140625,4137.2900390625
2023-02-14,1.215214490890503,103.2300033569336,1854.0,4136.1298828125
2023-02-15,1.2174336910247803,103.91999816894531,1834.199951171875,4147.60009765625
2023-02-16,1.2039779424667358,103.86000061035156,1842.0,4090.409912109375
2023-02-17,1.197533130645752,103.86000061035156,1840.4000244140625,4079.090087890625
2023-02-20,1.2029786109924316,103.86000061035156,1840.4000244140625,4079.090087890625
2023-02-21,1.2039200067520142,104.18000030517578,1833.0,3997.340087890625
2023-02-22,1.2109322547912598,104.58999633789062,1832.0,3991.050048828125
2023-02-23,1.204993486404419,104.5999984741211,1818.0,4012.320068359375
2023-02-24,1.2017786502838135,105.20999908447266,1808.800048828125,3970.0400390625
2023-02-27,1.1952428817749023,104.66999816894531,1817.0,3982.239990234375
2023-02-28,1.2061562538146973,104.87000274658203,1828.9000244140625,3970.14990234375
2023-03-01,1.2033549547195435,104.4800033569336,1837.699951171875,3951.389892578125
2023-03-02,1.2029930353164673,105.02999877929688,1833.5,3981.35009765625
2023-03-03,1.1951572895050049,104.5199966430664,1847.699951171875,4045.639892578125
2023-03-06,1.2028483152389526,104.3499984741211,1847.9000244140625,4048.419921875
2023-03-07,1.2026457786560059,105.62000274658203,1813.9000244140625,3986.3701171875
2023-03-08,1.1827740669250488,105.66000366210938,1812.699951171875,3992.010009765625
2023-03-09,1.1850166320800781,105.30999755859375,1829.300048828125,3918.320068359375
2023-03-10,1.192250370979309,104.58000183105469,1862.0,3861.590087890625
2023-03-13,1.2079336643218994,103.5999984741211,1911.699951171875,3855.760009765625
2023-03-14,1.2171372175216675,103.5999984741211,1906.199951171875,3919.2900390625
2023-03-15,1.215214490890503,104.6500015258789,1926.5999755859375,3891.929931640625
2023-03-16,1.20692777633667,104.41999816894531,1919.0,3960.280029296875
2023-03-17,1.2110495567321777,103.70999908447266,1969.800048828125,3916.639892578125
2023-03-20,1.2187690734863281,103.27999877929688,1979.199951171875,3951.570068359375
2023-03-21,1.2276264429092407,103.26000213623047,1938.0,4002.8701171875
2023-03-22,1.2225087881088257,102.3499984741211,1946.800048828125,3936.969970703125
2023-03-23,1.227973222732544,102.52999877929688,1993.800048828125,3948.719970703125
2023-03-24,1.228154182434082,103.12000274658203,1982.0999755859375,3970.989990234375
2023-03-27,1.2246003150939941,102.86000061035156,1952.4000244140625,3977.530029296875
2023-03-28,1.229755163192749,102.43000030517578,1972.4000244140625,3971.27001953125
2023-03-29,1.2330456972122192,102.63999938964844,1966.0999755859375,4027.81005859375
2023-03-30,1.2313603162765503,102.13999938964844,1980.300048828125,4050.830078125
2023-03-31,1.2387275695800781,102.51000213623047,1969.0,4109.31005859375
2023-04-03,1.228697419166565,102.08999633789062,1983.9000244140625,4124.509765625
2023-04-04,1.2423131465911865,101.58999633789062,2022.199951171875,4100.60009765625
2023-04-05,1.249843716621399,101.8499984741211,2020.9000244140625,4090.3798828125
2023-04-06,1.2463078498840332,101.81999969482422,2011.9000244140625,4105.02001953125
2023-04-07,1.243900179862976,101.81999969482422,2011.9000244140625,4105.02001953125
2023-04-10,1.2431625127792358,102.58000183105469,1989.0999755859375,4109.10986328125
2023-04-11,1.239218831062317,102.19999694824219,2004.800048828125,4108.93994140625
2023-04-12,1.2431007623672485,101.5,2010.9000244140625,4091.949951171875
2023-04-13,1.2492660284042358,101.01000213623047,2041.300048828125,4146.22021484375
2023-04-14,1.2525300979614258,101.55000305175781,2002.199951171875,4137.64013671875
2023-04-17,1.2400178909301758,102.0999984741211,1994.199951171875,4151.31982421875
2023-04-18,1.2375471591949463,101.75,2007.4000244140625,4154.8701171875
2023-04-19,1.2425447702407837,101.97000122070312,1995.199951171875,4154.52001953125
2023-04-20,1.2428845167160034,101.83999633789062,2007.5999755859375,4129.7900390625
2023-04-21,1.2440905570983887,101.81999969482422,1979.5,4133.52001953125
2023-04-24,1.2449734210968018,101.3499984741211,1989.0999755859375,4137.0400390625
2023-04-25,1.25,101.86000061035156,1994.0,4071.6298828125
2023-04-26,1.2414803504943848,101.47000122070312,1985.699951171875,4055.989990234375
2023-04-27,1.2471472024917603,101.5,1989.9000244140625,4135.35009765625
2023-04-28,1.249750018119812,101.66999816894531,1990.0999755859375,4169.47998046875
2023-05-01,1.2557607889175415,102.1500015258789,1983.4000244140625,4167.8701171875
2023-05-02,1.2485953569412231,101.95999908447266,2014.300048828125,4119.580078125
2023-05-03,1.2476606369018555,101.33999633789062,2028.5999755859375,4090.75
2023-05-04,1.256897211074829,101.4000015258789,2048.0,4061.219970703125
2023-05-05,1.2583364248275757,101.20999908447266,2017.4000244140625,4136.25
2023-05-08,1.2630568742752075,101.37000274658203,2026.300048828125,4138.1201171875
2023-05-09,1.2612725496292114,101.63999938964844,2036.199951171875,4119.169921875
2023-05-10,1.2624667882919312,101.4800033569336,2030.5,4137.64013671875
2023-05-11,1.2626996040344238,102.05999755859375,2014.699951171875,4130.6201171875
2023-05-12,1.2508130073547363,102.68000030517578,2014.5,4124.080078125
2023-05-15,1.2450973987579346,102.43000030517578,2018.0,4136.27978515625
2023-05-16,1.2525207996368408,102.55999755859375,1988.4000244140625,4109.89990234375
2023-05-17,1.2484394311904907,102.87999725341797,1980.699951171875,4158.77001953125
2023-05-18,1.2482805252075195,103.58000183105469,1956.5,4198.0498046875
2023-05-19,1.2412338256835938,103.19999694824219,1978.699951171875,4191.97998046875
2023-05-22,1.2461059093475342,103.19999694824219,1974.800048828125,4192.6298828125
2023-05-23,1.243440866470337,103.48999786376953,1972.4000244140625,4145.580078125
2023-05-24,1.2417269945144653,103.88999938964844,1962.800048828125,4115.240234375
2023-05-25,1.2371032238006592,104.20999908447266,1943.0999755859375,4151.27978515625
2023-05-26,1.2318304777145386,104.20999908447266,1944.0999755859375,4205.4501953125
2023-05-29,1.2346898317337036,104.20999908447266,1944.0999755859375,4205.4501953125
2023-05-30,1.234933853149414,104.16999816894531,1958.0,4205.52001953125
2023-05-31,1.241187572479248,104.31999969482422,1963.9000244140625,4179.830078125
2023-06-01,1.244694471359253,103.55999755859375,1978.0,4221.02001953125
2023-06-02,1.2525991201400757,104.0199966430664,1952.4000244140625,4282.3701171875
2023-06-05,1.2430236339569092,104.0,1958.0,4273.7900390625
2023-06-06,1.2433171272277832,104.12999725341797,1965.5,4283.85009765625
2023-06-07,1.2428536415100098,104.0999984741211,1942.699951171875,4267.52001953125
2023-06-08,1.2445859909057617,103.33999633789062,1963.5999755859375,4293.93017578125
2023-06-09,1.2559500932693481,103.55999755859375,1962.199951171875,4298.85986328125
2023-06-12,1.25809907913208,103.62999725341797,1955.300048828125,4338.93017578125
2023-06-13,1.2515331506729126,103.33999633789062,1944.5999755859375,4369.009765625
2023-06-14,1.2606843709945679,103.01000213623047,1955.300048828125,4372.58984375
2023-06-15,1.26708984375,102.12000274658203,1957.800048828125,4425.83984375
2023-06-16,1.278576135635376,102.30000305175781,1958.4000244140625,4409.58984375
2023-06-19,1.2830382585525513,102.30000305175781,1958.4000244140625,4409.58984375
2023-06-20,1.2794759273529053,102.54000091552734,1935.5,4388.7099609375
2023-06-21,1.276535987854004,102.06999969482422,1933.300048828125,4365.68994140625
2023-06-22,1.2772045135498047,102.38999938964844,1912.699951171875,4381.89013671875
2023-06-23,1.2747135162353516,102.9000015258789,1919.0999755859375,4348.330078125
2023-06-26,1.2729610204696655,102.69000244140625,1923.699951171875,4328.81982421875
2023-06-27,1.2711971998214722,102.48999786376953,1914.0,4378.41015625
2023-06-28,1.2744698524475098,102.91000366210938,1912.300048828125,4376.85986328125
2023-06-29,1.2642544507980347,103.33999633789062,1909.199951171875,4396.43994140625
2023-06-30,1.2614636421203613,102.91000366210938,1921.0999755859375,4450.3798828125
2023-07-03,1.2693254947662354,102.98999786376953,1921.699951171875,4455.58984375
2023-07-04,1.269293189048767,102.98999786376953,1921.699951171875,4455.58984375
2023-07-05,1.2717629671096802,103.37000274658203,1919.5999755859375,4446.81982421875
2023-07-06,1.2704542875289917,103.16999816894531,1908.699951171875,4411.58984375
2023-07-07,1.2742749452590942,102.2699966430664,1926.199951171875,4398.9501953125
2023-07-10,1.2838947772979736,101.97000122070312,1925.0,4409.52978515625
2023-07-11,1.2864713668823242,101.7300033569336,1931.300048828125,4439.259765625
2023-07-12,1.2934770584106445,100.5199966430664,1956.199951171875,4472.16015625
2023-07-13,1.29962956905365,99.7699966430664,1959.199951171875,4510.0400390625
2023-07-14,1.3128528594970703,99.91000366210938,1960.0999755859375,4505.419921875
2023-07-17,1.3090204000473022,99.83999633789062,1952.4000244140625,4522.7900390625
2023-07-18,1.307172417640686,99.94000244140625,1977.199951171875,4554.97998046875
2023-07-19,1.303508996963501,100.27999877929688,1977.5,4565.72021484375
2023-07-20,1.2939791679382324,100.87999725341797,1968.300048828125,4534.8701171875
2023-07-21,1.2872332334518433,101.06999969482422,1964.300048828125,4536.33984375
2023-07-24,1.2853471040725708,101.3499984741211,1960.300048828125,4554.64013671875
2023-07-25,1.281262755393982,101.3499984741211,1962.0999755859375,4567.4599609375
2023-07-26,1.2893908023834229,100.88999938964844,1968.9000244140625,4566.75
2023-07-27,1.292724609375,101.7699966430664,1945.4000244140625,4537.41015625
2023-07-28,1.2793776988983154,101.62000274658203,1960.4000244140625,4582.22998046875
2023-07-31,1.2853965759277344,101.86000061035156,1970.5,4588.9599609375
2023-08-01,1.283400535583496,102.30000305175781,1940.699951171875,4576.72998046875
2023-08-02,1.2795741558074951,102.58999633789062,1937.4000244140625,4513.39013671875
2023-08-03,1.2720379829406738,102.54000091552734,1932.0,4501.89013671875
2023-08-04,1.2716336250305176,102.0199966430664,1939.5999755859375,4478.02978515625
2023-08-07,1.2747948169708252,102.05000305175781,1933.5,4518.43994140625
2023-08-08,1.2782002687454224,102.52999877929688,1924.0999755859375,4499.3798828125
2023-08-09,1.2741613388061523,102.48999786376953,1915.4000244140625,4467.7099609375
2023-08-10,1.2720056772232056,102.5199966430664,1914.4000244140625,4468.830078125
2023-08-11,1.2670094966888428,102.83999633789062,1912.9000244140625,4464.0498046875
2023-08-14,1.2695027589797974,103.19000244140625,1910.5999755859375,4489.72021484375
2023-08-15,1.2685203552246094,103.20999908447266,1902.5,4437.85986328125
2023-08-16,1.2701315879821777,103.41999816894531,1896.0999755859375,4404.330078125
2023-08-17,1.2728151082992554,103.44000244140625,1884.0999755859375,4370.35986328125
2023-08-18,1.275022268295288,103.37999725341797,1886.0999755859375,4369.7099609375
2023-08-21,1.2741937637329102,103.33000183105469,1893.300048828125,4399.77001953125
2023-08-22,1.2760798931121826,103.55999755859375,1896.4000244140625,4387.5498046875
2023-08-23,1.2731555700302124,103.36000061035156,1918.5,4436.009765625
2023-08-24,1.2720541954040527,103.9800033569336,1918.199951171875,4376.31005859375
2023-08-25,1.2592872381210327,104.08000183105469,1911.0999755859375,4405.7099609375
2023-08-28,1.2589701414108276,104.05999755859375,1917.9000244140625,4433.31005859375
2023-08-29,1.2611136436462402,103.55000305175781,1936.5,4497.6298828125
2023-08-30,1.2636793851852417,103.16000366210938,1944.300048828125,4514.8701171875
2023-08-31,1.271179437637329,103.62000274658203,1938.199951171875,4507.66015625
2023-09-01,1.2672826051712036,104.23999786376953,1939.800048828125,4515.77001953125
2023-09-04,1.2591445446014404,104.23999786376953,1939.800048828125,4515.77001953125
2023-09-05,1.2623074054718018,104.80999755859375,1926.199951171875,4496.830078125
2023-09-06,1.2570552825927734,104.86000061035156,1918.0999755859375,4465.47998046875
2023-09-07,1.2498750686645508,105.05999755859375,1917.5,4451.14013671875
2023-09-08,1.2475050687789917,105.08999633789062,1918.4000244140625,4457.490234375
2023-09-11,1.2489992380142212,104.56999969482422,1923.300048828125,4487.4599609375
2023-09-12,1.2508755922317505,104.70999908447266,1911.300048828125,4461.89990234375
2023-09-13,1.2491724491119385,104.7699966430664,1909.0999755859375,4467.43994140625
2023-09-14,1.248953938484192,105.41000366210938,1910.0,4505.10009765625
2023-09-15,1.2401869297027588,105.31999969482422,1923.699951171875,4450.31982421875
2023-09-18,1.2397565841674805,105.19999694824219,1931.5,4453.52978515625
2023-09-19,1.2383747100830078,105.19999694824219,1932.0,4443.9501953125
2023-09-20,1.2393569946289062,105.16000366210938,1945.5999755859375,4402.2001953125
2023-09-21,1.2328935861587524,105.36000061035156,1919.199951171875,4330.0
2023-09-22,1.2294225692749023,105.58000183105469,1925.4000244140625,4320.06005859375
2023-09-25,1.2241849899291992,106.0,1916.5999755859375,4337.43994140625
2023-09-26,1.2213143110275269,106.2300033569336,1900.4000244140625,4273.52978515625
2023-09-27,1.2146830558776855,106.66999816894531,1871.5999755859375,4274.509765625
2023-09-28,1.2135332822799683,106.22000122070312,1860.4000244140625,4299.7001953125
2023-09-29,1.2204796075820923,106.16999816894531,1848.0999755859375,4288.0498046875
2023-10-02,1.2193039655685425,106.9000015258789,1830.0,4288.39013671875
2023-10-03,1.209116816520691,107.0,1824.5999755859375,4229.4501953125
2023-10-04,1.2078461647033691,106.80000305175781,1818.5,4263.75
2023-10-05,1.2137395143508911,106.33000183105469,1816.5999755859375,4258.18994140625
2023-10-06,1.2187690734863281,106.04000091552734,1830.199951171875,4308.5
2023-10-09,1.222090482711792,106.08000183105469,1849.5,4335.66015625
2023-10-10,1.2250398397445679,105.83000183105469,1861.0,4358.240234375
2023-10-11,1.229135513305664,105.81999969482422,1872.800048828125,4376.9501953125
2023-10-12,1.2316333055496216,106.56999969482422,1869.300048828125,4349.60986328125
2023-10-13,1.2183235883712769,106.6500015258789,1927.4000244140625,4327.77978515625
2023-10-16,1.215376853942871,106.23999786376953,1921.0999755859375,4373.6298828125
2023-10-17,1.2211503982543945,106.25,1922.699951171875,4373.2001953125
2023-10-18,1.2178784608840942,106.56999969482422,1955.300048828125,4314.60009765625
2023-10-19,1.214343786239624,106.25,1968.4000244140625,4278.0
2023-10-20,1.2137248516082764,106.16000366210938,1982.5,4224.16015625
2023-10-23,1.2163970470428467,105.54000091552734,1976.300048828125,4217.0400390625
2023-10-24,1.2250248193740845,106.2699966430664,1975.0,4247.68017578125
2023-10-25,1.216189980506897,106.52999877929688,1984.0999755859375,4186.77001953125
2023-10-26,1.210345983505249,106.5999984741211,1987.199951171875,4137.22998046875
2023-10-27,1.213710069656372,106.55999755859375,1988.5999755859375,4117.3701171875
2023-10-30,1.2113723754882812,106.12000274658203,1996.199951171875,4166.81982421875
2023-10-31,1.2165746688842773,106.66000366210938,1985.199951171875,4193.7998046875
2023-11-01,1.215214490890503,106.87999725341797,1978.800048828125,4237.85986328125
2023-11-02,1.2182197570800781,106.12000274658203,1985.5999755859375,4317.77978515625
2023-11-03,1.2191851139068604,105.0199966430664,1991.5,4358.33984375
2023-11-06,1.237378716468811,105.22000122070312,1981.5999755859375,4365.97998046875
2023-11-07,1.2345526218414307,105.54000091552734,1966.800048828125,4378.3798828125
2023-11-08,1.2291808128356934,105.58999633789062,1951.5,4382.77978515625
2023-11-09,1.2285012006759644,105.91000366210938,1964.199951171875,4347.35009765625
2023-11-10,1.2217023372650146,105.86000061035156,1932.5999755859375,4415.240234375
2023-11-13,1.2228227853775024,105.66000366210938,1945.5,4411.5498046875
2023-11-14,1.228063702583313,104.11000061035156,1961.800048828125,4495.7001953125
2023-11-15,1.2494533061981201,104.38999938964844,1960.0999755859375,4502.8798828125
2023-11-16,1.2422360181808472,104.37000274658203,1983.9000244140625,4508.240234375
2023-11-17,1.2414957284927368,103.81999969482422,1981.5999755859375,4514.02001953125
2023-11-20,1.2454540729522705,103.47000122070312,1977.699951171875,4547.3798828125
2023-11-21,1.2509069442749023,103.58999633789062,1999.300048828125,4538.18994140625
2023-11-22,1.2544218301773071,103.91999816894531,1991.4000244140625,4556.6201171875
2023-11-23,1.2490007877349854,103.91999816894531,1991.4000244140625,4556.6201171875
2023-11-24,1.2533526420593262,103.4000015258789,2002.199951171875,4559.33984375
2023-11-27,1.2600330114364624,103.19999694824219,2011.800048828125,4550.43017578125
2023-11-28,1.2634397745132446,102.75,2039.699951171875,4554.89013671875
2023-11-29,1.2712295055389404,102.7699966430664,2047.0999755859375,4550.580078125
2023-11-30,1.2696397304534912,103.5,2038.0999755859375,4567.7998046875
2023-12-01,1.2631685733795166,103.2699966430664,2071.0,4594.6298828125
2023-12-04,1.2713103294372559,103.63999938964844,2024.0999755859375,4569.77978515625
2023-12-05,1.2634079456329346,104.05000305175781,2018.5,4567.18017578125
2023-12-06,1.2594457864761353,104.1500015258789,2030.5,4549.33984375
2023-12-07,1.2558711767196655,103.54000091552734,2029.9000244140625,4585.58984375
2023-12-08,1.258954405784607,104.01000213623047,1998.300048828125,4604.3701171875
2023-12-11,1.2554770708084106,104.0999984741211,1978.0,4622.43994140625
2023-12-12,1.2554612159729004,103.87000274658203,1977.800048828125,4643.7001953125
2023-12-13,1.2570710182189941,102.87000274658203,1982.300048828125,4707.08984375
2023-12-14,1.2622915506362915,101.95999908447266,2030.199951171875,4719.5498046875
2023-12-15,1.2771391868591309,102.55000305175781,2021.0999755859375,4719.18994140625
2023-12-18,1.2672343254089355,102.51000213623047,2026.300048828125,4740.56005859375
2023-12-19,1.2651821374893188,102.16999816894531,2038.4000244140625,4768.3701171875
2023-12-20,1.2732689380645752,102.41000366210938,2034.5,4698.35009765625
2023-12-21,1.2641266584396362,101.83999633789062,2039.0999755859375,4746.75
2023-12-22,1.268499493598938,101.69999694824219,2057.10009765625,4754.6298828125
2023-12-25,1.2677003145217896,101.69999694824219,2057.10009765625,4754.6298828125
2023-12-26,1.27048659324646,101.47000122070312,2058.199951171875,4774.75
2023-12-27,1.272718071937561,100.98999786376953,2081.89990234375,4781.580078125
2023-12-28,1.2800819873809814,101.2300033569336,2073.89990234375,4783.35009765625
2023-12-29,1.2733986377716064,101.33000183105469,2062.39990234375,4769.830078125
2024-01-01,1.272999882698059,101.33000183105469,2062.39990234375,4769.830078125
2024-01-02,1.2728800773620605,102.19999694824219,2064.39990234375,4742.830078125
2024-01-03,1.2623074054718018,102.45999908447266,2034.199951171875,4704.81005859375
2024-01-04,1.2674272060394287,102.41999816894531,2042.300048828125,4688.68017578125
2024-01-05,1.2684078216552734,102.41000366210938,2042.4000244140625,4697.240234375
2024-01-08,1.271779179573059,102.20999908447266,2026.5999755859375,4763.5400390625
2024-01-09,1.274518609046936,102.56999969482422,2026.4000244140625,4756.5
2024-01-10,1.2712942361831665,102.36000061035156,2021.699951171875,4783.4501953125
2024-01-11,1.274518609046936,102.29000091552734,2014.300048828125,4780.240234375
2024-01-12,1.2777756452560425,102.4000015258789,2046.699951171875,4783.830078125
2024-01-15,1.273658275604248,102.4000015258789,2046.699951171875,4783.830078125
2024-01-16,1.2716174125671387,103.36000061035156,2026.0,4765.97998046875
2024-01-17,1.26385498046875,103.44999694824219,2002.5999755859375,4739.2099609375
2024-01-18,1.2676842212677002,103.54000091552734,2018.5999755859375,4780.93994140625
2024-01-19,1.2709871530532837,103.29000091552734,2026.5,4839.81005859375
2024-01-22,1.2699863910675049,103.33000183105469,2019.800048828125,4850.43017578125
2024-01-23,1.2706964015960693,103.62000274658203,2023.699951171875,4864.60009765625
2024-01-24,1.269196629524231,103.23999786376953,2013.9000244140625,4868.5498046875
2024-01-25,1.271876335144043,103.56999969482422,2016.9000244140625,4894.16015625
2024-01-26,1.270825743675232,103.47000122070312,2016.800048828125,4890.97021484375
2024-01-29,1.2697607278823853,103.61000061035156,2025.199951171875,4927.93017578125
2024-01-30,1.2713264226913452,103.4000015258789,2031.5,4924.97021484375
2024-01-31,1.269551157951355,103.2699966430664,2048.39990234375,4845.64990234375
2024-02-01,1.2678449153900146,103.05000305175781,2053.0,4906.18994140625
2024-02-02,1.27472984790802,103.91999816894531,2036.0999755859375,4958.60986328125
2024-02-05,1.2621959447860718,104.44999694824219,2025.699951171875,4942.81005859375
2024-02-06,1.2534469366073608,104.18000030517578,2034.5,4954.22998046875
2024-02-07,1.2606525421142578,104.04000091552734,2035.199951171875,4995.06005859375
2024-02-08,1.2627378702163696,104.1500015258789,2032.199951171875,4997.91015625
2024-02-09,1.2620525360107422,104.08000183105469,2023.300048828125,5026.60986328125
2024-02-12,1.2637271881103516,104.16999816894531,2018.199951171875,5021.83984375
2024-02-13,1.2627538442611694,104.95999908447266,1992.9000244140625,4953.169921875
2024-02-14,1.2590652704238892,104.72000122070312,1990.300048828125,5000.6201171875
2024-02-15,1.2568340301513672,104.30000305175781,2002.0999755859375,5029.72998046875
2024-02-16,1.259921908378601,104.27999877929688,2011.5,5005.56982421875
2024-02-19,1.2611136436462402,104.27999877929688,2011.5,5005.56982421875
2024-02-20,1.2587641477584839,104.08000183105469,2027.5,4975.509765625
2024-02-21,1.2627378702163696,104.01000213623047,2022.300048828125,4981.7998046875
2024-02-22,1.2638070583343506,103.95999908447266,2019.699951171875,5087.02978515625
2024-02-23,1.266367793083191,103.94000244140625,2038.5999755859375,5088.7998046875
2024-02-26,1.2672665119171143,103.83000183105469,2028.5,5069.52978515625
2024-02-27,1.268455982208252,103.83000183105469,2034.0,5078.18017578125
2024-02-28,1.268166422843933,103.9800033569336,2033.0,5069.759765625
2024-02-29,1.2663036584854126,104.16000366210938,2045.699951171875,5096.27001953125
2024-03-01,1.2625465393066406,103.86000061035156,2086.89990234375,5137.080078125
2024-03-04,1.26603102684021,103.83000183105469,2117.699951171875,5130.9501953125
2024-03-05,1.269196629524231,103.80000305175781,2133.5,5078.64990234375
2024-03-06,1.27048659324646,103.37000274658203,2150.300048828125,5104.759765625
2024-03-07,1.2735446691513062,102.81999969482422,2158.0,5157.35986328125
2024-03-08,1.2815583944320679,102.73999786376953,2178.60009765625,5123.68994140625
2024-03-11,1.2855123281478882,102.87000274658203,2182.5,5117.93994140625
2024-03-12,1.2819806337356567,102.95999908447266,2160.39990234375,5175.27001953125
2024-03-13,1.2795906066894531,102.79000091552734,2175.39990234375,5165.31005859375
2024-03-14,1.2802129983901978,103.36000061035156,2163.0,5150.47998046875
2024-03-15,1.2745835781097412,103.43000030517578,2157.300048828125,5117.08984375
2024-03-18,1.2731393575668335,103.58000183105469,2160.699951171875,5149.419921875
2024-03-19,1.272718071937561,103.80999755859375,2156.300048828125,5178.509765625
2024-03-20,1.2719409465789795,103.41000366210938,2157.89990234375,5224.6201171875
2024-03-21,1.2798361778259277,104.0,2182.39990234375,5241.52978515625
2024-03-22,1.2661913633346558,104.43000030517578,2158.10009765625,5234.18017578125
2024-03-25,1.25979483127594,104.2300033569336,2174.800048828125,5218.18994140625
2024-03-26,1.2637910842895508,104.29000091552734,2175.60009765625,5203.580078125
2024-03-27,1.2628495693206787,104.3499984741211,2190.60009765625,5248.490234375
2024-03-28,1.261670470237732,104.55000305175781,2217.39990234375,5254.35009765625
2024-03-29,1.26262629032135,104.55000305175781,2217.39990234375,5254.35009765625
2024-04-01,1.2637271881103516,105.0199966430664,2236.5,5243.77001953125
2024-04-02,1.2545477151870728,104.81999969482422,2261.0,5205.81005859375
2024-04-03,1.2576876878738403,104.25,2294.39990234375,5211.490234375
2024-04-04,1.2651821374893188,104.12000274658203,2288.800048828125,5147.2099609375
2024-04-05,1.26401948928833,104.30000305175781,2325.699951171875,5204.33984375
2024-04-08,1.2625305652618408,104.13999938964844,2331.699951171875,5202.39013671875
2024-04-09,1.2658709287643433,104.1500015258789,2343.5,5209.91015625
2024-04-10,1.2677645683288574,105.25,2329.60009765625,5160.64013671875
2024-04-11,1.2537612915039062,105.27999877929688,2354.800048828125,5199.06005859375
2024-04-12,1.2554770708084106,106.04000091552734,2356.199951171875,5123.41015625
2024-04-15,1.2461835145950317,106.20999908447266,2365.800048828125,5061.81982421875
2024-04-16,1.2447409629821777,106.26000213623047,2390.800048828125,5051.41015625
2024-04-17,1.2431007623672485,105.94999694824219,2371.699951171875,5022.2099609375
2024-04-18,1.2453765869140625,106.1500015258789,2382.300048828125,5011.1201171875
2024-04-19,1.2437657117843628,106.1500015258789,2398.39990234375,4967.22998046875
2024-04-22,1.2375777959823608,106.08000183105469,2332.199951171875,5010.60009765625
2024-04-23,1.2350252866744995,105.69000244140625,2327.699951171875,5070.5498046875
2024-04-24,1.2453300952911377,105.86000061035156,2324.5,5071.6298828125
2024-04-25,1.2459505796432495,105.5999984741211,2329.800048828125,5048.419921875
2024-04-26,1.2509069442749023,105.94000244140625,2334.800048828125,5099.9599609375
2024-04-29,1.2510477304458618,105.58000183105469,2345.39990234375,5116.169921875
2024-04-30,1.2559815645217896,106.22000122070312,2291.39990234375,5035.68994140625
2024-05-01,1.2490164041519165,105.76000213623047,2299.89990234375,5018.39013671875
2024-05-02,1.2539342641830444,105.30000305175781,2299.199951171875,5064.2001953125
2024-05-03,1.2540600299835205,105.02999877929688,2299.0,5127.7900390625
2024-05-06,1.2541072368621826,105.05000305175781,2321.60009765625,5180.740234375
2024-05-07,1.2559815645217896,105.41000366210938,2315.199951171875,5187.7001953125
2024-05-08,1.25014066696167,105.55000305175781,2313.60009765625,5187.669921875
2024-05-09,1.2493284940719604,105.2300033569336,2332.10009765625,5214.080078125
2024-05-10,1.2525677680969238,105.30999755859375,2367.300048828125,5222.68017578125
2024-05-13,1.2522854804992676,105.22000122070312,2336.10009765625,5221.419921875
2024-05-14,1.2561867237091064,105.01000213623047,2353.39990234375,5246.68017578125
2024-05-15,1.2585265636444092,104.3499984741211,2388.699951171875,5308.14990234375
2024-05-16,1.2690032720565796,104.45999908447266,2380.0,5297.10009765625
2024-05-17,1.2672007083892822,104.44999694824219,2412.199951171875,5303.27001953125
2024-05-20,1.2706480026245117,104.56999969482422,2433.89990234375,5308.1298828125
2024-05-21,1.2710840702056885,104.66000366210938,2421.699951171875,5321.41015625
2024-05-22,1.2711325883865356,104.94000244140625,2389.199951171875,5307.009765625
2024-05-23,1.2721028327941895,105.11000061035156,2335.0,5267.83984375
2024-05-24,1.2694060802459717,104.72000122070312,2332.5,5304.72021484375
2024-05-27,1.2736095190048218,104.72000122070312,2332.5,5304.72021484375
2024-05-28,1.2772371768951416,104.61000061035156,2355.199951171875,5306.0400390625
2024-05-29,1.275835633277893,105.0999984741211,2340.300048828125,5266.9501953125
2024-05-30,1.2697993516921997,104.72000122070312,2342.89990234375,5235.47998046875
2024-05-31,1.27304208278656,104.66999816894531,2322.89990234375,5277.509765625
2024-06-03,1.2743724584579468,104.13999938964844,2346.60009765625,5283.39990234375
2024-06-04,1.2810165882110596,104.11000061035156,2325.5,5291.33984375
2024-06-05,1.2773023843765259,104.2699966430664,2354.10009765625,5354.02978515625
2024-06-06,1.2794759273529053,104.0999984741211,2370.300048828125,5352.9599609375
2024-06-07,1.2793285846710205,104.88999938964844,2305.199951171875,5346.990234375
2024-06-10,1.2729448080062866,105.1500015258789,2307.699951171875,5360.7900390625
2024-06-11,1.2726370096206665,105.2300033569336,2307.5,5375.31982421875
2024-06-12,1.274047613143921,104.6500015258789,2336.0,5421.02978515625
2024-06-13,1.27962327003479,105.19999694824219,2300.199951171875,5433.740234375
2024-06-14,1.2755101919174194,105.55000305175781,2331.39990234375,5431.60009765625
2024-06-17,1.2683112621307373,105.31999969482422,2312.39990234375,5473.22998046875
2024-06-18,1.2715997695922852,105.26000213623047,2330.39990234375,5487.02978515625
2024-06-19,1.2707449197769165,105.26000213623047,2330.39990234375,5487.02978515625
2024-06-20,1.2721998691558838,105.58999633789062,2353.800048828125,5473.169921875
2024-06-21,1.2660471200942993,105.80000305175781,2316.39990234375,5464.6201171875
2024-06-24,1.2639029026031494,105.47000122070312,2330.0,5447.8701171875
2024-06-25,1.268343448638916,105.61000061035156,2316.60009765625,5469.2998046875
2024-06-26,1.268399715423584,106.05000305175781,2299.199951171875,5477.89990234375
2024-06-27,1.262179970741272,105.91000366210938,2324.5,5482.8701171875
2024-06-28,1.2645741701126099,105.87000274658203,2327.699951171875,5460.47998046875
